sentTime,receivedTime,diffSeconds
2023-01-15T02:09:49.613Z,2023-01-15T02:09:54.124Z,4.511
2023-01-15T02:09:53.453Z,2023-01-15T02:09:57.504Z,4.051
2023-01-15T02:09:56.552Z,2023-01-15T02:09:59.176Z,2.624
2023-01-15T02:09:59.543Z,2023-01-15T02:10:02.431Z,2.888
2023-01-15T02:10:02.578Z,2023-01-15T02:10:05.570Z,2.992
2023-01-15T02:10:05.023Z,2023-01-15T02:10:07.621Z,2.598
2023-01-15T02:10:07.810Z,2023-01-15T02:10:10.237Z,2.427
2023-01-15T02:10:11.075Z,2023-01-15T02:10:14.164Z,3.089
2023-01-15T02:10:13.412Z,2023-01-15T02:10:15.372Z,1.96
2023-01-15T02:10:15.866Z,2023-01-15T02:10:17.992Z,2.126
2023-01-15T02:10:18.620Z,2023-01-15T02:10:21.055Z,2.435
2023-01-15T02:10:21.687Z,2023-01-15T02:10:24.135Z,2.448
2023-01-15T02:10:24.973Z,2023-01-15T02:10:27.432Z,2.459
2023-01-15T02:10:27.873Z,2023-01-15T02:10:30.301Z,2.428
2023-01-15T02:10:31.199Z,2023-01-15T02:10:33.570Z,2.371
2023-01-15T02:10:33.743Z,2023-01-15T02:10:36.229Z,2.486
2023-01-15T02:10:36.862Z,2023-01-15T02:10:39.375Z,2.513
2023-01-15T02:10:39.710Z,2023-01-15T02:10:42.271Z,2.561
2023-01-15T02:10:42.813Z,2023-01-15T02:10:45.307Z,2.494
2023-01-15T02:10:45.828Z,2023-01-15T02:10:48.480Z,2.652
2023-01-15T02:10:48.698Z,2023-01-15T02:10:51.128Z,2.43
2023-01-15T02:10:51.515Z,2023-01-15T02:10:53.976Z,2.461
2023-01-15T02:10:54.582Z,2023-01-15T02:10:57.274Z,2.692
2023-01-15T02:10:57.986Z,2023-01-15T02:11:00.543Z,2.557
2023-01-15T02:11:01.076Z,2023-01-15T02:11:03.419Z,2.343
2023-01-15T02:11:03.995Z,2023-01-15T02:11:06.359Z,2.364
2023-01-15T02:11:06.326Z,2023-01-15T02:11:08.944Z,2.618
2023-01-15T02:11:08.865Z,2023-01-15T02:11:11.459Z,2.594
2023-01-15T02:11:11.684Z,2023-01-15T02:11:14.054Z,2.37
2023-01-15T02:11:14.974Z,2023-01-15T02:11:17.318Z,2.344
2023-01-15T02:11:17.806Z,2023-01-15T02:11:20.135Z,2.329
2023-01-15T02:11:20.199Z,2023-01-15T02:11:22.519Z,2.32
2023-01-15T02:11:23.440Z,2023-01-15T02:11:25.834Z,2.394
2023-01-15T02:11:26.069Z,2023-01-15T02:11:28.398Z,2.329
2023-01-15T02:11:28.883Z,2023-01-15T02:11:31.206Z,2.323
2023-01-15T02:11:31.482Z,2023-01-15T02:11:33.863Z,2.381
2023-01-15T02:11:33.821Z,2023-01-15T02:11:37.905Z,4.084
2023-01-15T02:11:36.709Z,2023-01-15T02:11:38.690Z,1.981
2023-01-15T02:11:39.983Z,2023-01-15T02:11:42.267Z,2.284
2023-01-15T02:11:42.712Z,2023-01-15T02:11:44.922Z,2.21
2023-01-15T02:11:45.738Z,2023-01-15T02:11:48.085Z,2.347
2023-01-15T02:11:48.553Z,2023-01-15T02:11:50.882Z,2.329
2023-01-15T02:11:51.420Z,2023-01-15T02:11:53.788Z,2.368
2023-01-15T02:11:54.083Z,2023-01-15T02:11:56.376Z,2.293
2023-01-15T02:11:56.425Z,2023-01-15T02:11:58.777Z,2.352
2023-01-15T02:11:59.013Z,2023-01-15T02:12:01.477Z,2.464
2023-01-15T02:12:02.386Z,2023-01-15T02:12:04.728Z,2.342
2023-01-15T02:12:04.831Z,2023-01-15T02:12:07.279Z,2.448
2023-01-15T02:12:07.436Z,2023-01-15T02:12:09.792Z,2.356
2023-01-15T02:12:10.666Z,2023-01-15T02:12:13.009Z,2.343
2023-01-15T02:12:13.286Z,2023-01-15T02:12:15.780Z,2.494
2023-01-15T02:12:15.825Z,2023-01-15T02:12:18.313Z,2.488
2023-01-15T02:12:18.527Z,2023-01-15T02:12:20.943Z,2.416
2023-01-15T02:12:20.927Z,2023-01-15T02:12:23.398Z,2.471
2023-01-15T02:12:24.253Z,2023-01-15T02:12:26.738Z,2.485
2023-01-15T02:12:26.770Z,2023-01-15T02:12:29.107Z,2.337
2023-01-15T02:12:29.308Z,2023-01-15T02:12:31.679Z,2.371
2023-01-15T02:12:31.818Z,2023-01-15T02:12:34.161Z,2.343
2023-01-15T02:12:34.900Z,2023-01-15T02:12:37.414Z,2.514
2023-01-15T02:12:37.755Z,2023-01-15T02:12:40.103Z,2.348
2023-01-15T02:12:40.517Z,2023-01-15T02:12:42.900Z,2.383
2023-01-15T02:12:42.945Z,2023-01-15T02:12:45.264Z,2.319
2023-01-15T02:12:45.614Z,2023-01-15T02:12:47.961Z,2.347
2023-01-15T02:12:48.309Z,2023-01-15T02:12:50.683Z,2.374
2023-01-15T02:12:51.379Z,2023-01-15T02:12:53.743Z,2.364
2023-01-15T02:12:54.219Z,2023-01-15T02:12:56.557Z,2.338
2023-01-15T02:12:56.989Z,2023-01-15T02:12:59.370Z,2.381
2023-01-15T02:12:59.826Z,2023-01-15T02:13:02.163Z,2.337
2023-01-15T02:13:02.415Z,2023-01-15T02:13:04.793Z,2.378
2023-01-15T02:13:05.553Z,2023-01-15T02:13:07.908Z,2.355
2023-01-15T02:13:08.466Z,2023-01-15T02:13:10.847Z,2.381
2023-01-15T02:13:11.469Z,2023-01-15T02:13:13.820Z,2.351
2023-01-15T02:13:14.186Z,2023-01-15T02:13:16.560Z,2.374
2023-01-15T02:13:16.658Z,2023-01-15T02:13:18.998Z,2.34
2023-01-15T02:13:19.285Z,2023-01-15T02:13:21.661Z,2.376
2023-01-15T02:13:21.707Z,2023-01-15T02:13:24.155Z,2.448
2023-01-15T02:13:24.953Z,2023-01-15T02:13:27.367Z,2.414
2023-01-15T02:13:28.010Z,2023-01-15T02:13:30.514Z,2.504
2023-01-15T02:13:31.226Z,2023-01-15T02:13:33.761Z,2.535
2023-01-15T02:13:34.659Z,2023-01-15T02:13:37.133Z,2.474
2023-01-15T02:13:37.559Z,2023-01-15T02:13:39.889Z,2.33
2023-01-15T02:13:40.333Z,2023-01-15T02:13:42.691Z,2.358
2023-01-15T02:13:43.122Z,2023-01-15T02:13:45.518Z,2.396
2023-01-15T02:13:46.416Z,2023-01-15T02:13:48.830Z,2.414
2023-01-15T02:13:49.258Z,2023-01-15T02:13:51.736Z,2.478
2023-01-15T02:13:52.065Z,2023-01-15T02:13:54.475Z,2.41
2023-01-15T02:13:54.683Z,2023-01-15T02:13:57.036Z,2.353
2023-01-15T02:13:57.040Z,2023-01-15T02:13:59.664Z,2.624
2023-01-15T02:13:59.863Z,2023-01-15T02:14:02.253Z,2.39
2023-01-15T02:14:03.309Z,2023-01-15T02:14:05.744Z,2.435
2023-01-15T02:14:06.496Z,2023-01-15T02:14:08.880Z,2.384
2023-01-15T02:14:09.013Z,2023-01-15T02:14:11.398Z,2.385
2023-01-15T02:14:11.384Z,2023-01-15T02:14:13.959Z,2.575
2023-01-15T02:14:13.993Z,2023-01-15T02:14:16.758Z,2.765
2023-01-15T02:14:17.416Z,2023-01-15T02:14:19.838Z,2.422
2023-01-15T02:14:20.246Z,2023-01-15T02:14:22.644Z,2.398
2023-01-15T02:14:23.476Z,2023-01-15T02:14:25.865Z,2.389
2023-01-15T02:14:26.099Z,2023-01-15T02:14:28.471Z,2.372
2023-01-15T02:14:28.480Z,2023-01-15T02:14:30.862Z,2.382
2023-01-15T02:14:31.133Z,2023-01-15T02:14:33.517Z,2.384
2023-01-15T02:14:33.549Z,2023-01-15T02:14:36.285Z,2.736
2023-01-15T02:14:36.652Z,2023-01-15T02:14:39.080Z,2.428
2023-01-15T02:14:39.473Z,2023-01-15T02:14:41.972Z,2.499
2023-01-15T02:14:42.259Z,2023-01-15T02:14:44.643Z,2.384
2023-01-15T02:14:45.533Z,2023-01-15T02:14:48.109Z,2.576
2023-01-15T02:14:48.707Z,2023-01-15T02:14:51.171Z,2.464
2023-01-15T02:14:51.461Z,2023-01-15T02:14:53.990Z,2.529
2023-01-15T02:14:54.199Z,2023-01-15T02:14:56.698Z,2.499
2023-01-15T02:14:57.418Z,2023-01-15T02:14:59.927Z,2.509
2023-01-15T02:14:59.947Z,2023-01-15T02:15:02.583Z,2.636
2023-01-15T02:15:03.141Z,2023-01-15T02:15:05.703Z,2.562
2023-01-15T02:15:06.393Z,2023-01-15T02:15:08.879Z,2.486
2023-01-15T02:15:09.618Z,2023-01-15T02:15:12.130Z,2.512
2023-01-15T02:15:12.442Z,2023-01-15T02:15:15.013Z,2.571
2023-01-15T02:15:15.286Z,2023-01-15T02:15:17.930Z,2.644
2023-01-15T02:15:17.926Z,2023-01-15T02:15:20.421Z,2.495
2023-01-15T02:15:20.581Z,2023-01-15T02:15:23.283Z,2.702
2023-01-15T02:15:23.896Z,2023-01-15T02:15:26.438Z,2.542
2023-01-15T02:15:26.516Z,2023-01-15T02:15:29.041Z,2.525
2023-01-15T02:15:29.071Z,2023-01-15T02:15:31.575Z,2.504
2023-01-15T02:15:31.916Z,2023-01-15T02:15:34.513Z,2.597
2023-01-15T02:15:34.696Z,2023-01-15T02:15:37.268Z,2.572
2023-01-15T02:15:37.237Z,2023-01-15T02:15:39.840Z,2.603
2023-01-15T02:15:39.883Z,2023-01-15T02:15:42.435Z,2.552
2023-01-15T02:15:42.787Z,2023-01-15T02:15:45.155Z,2.368
2023-01-15T02:15:45.826Z,2023-01-15T02:15:48.328Z,2.502
2023-01-15T02:15:48.326Z,2023-01-15T02:15:50.848Z,2.522
2023-01-15T02:15:51.746Z,2023-01-15T02:15:54.285Z,2.539
2023-01-15T02:15:55.142Z,2023-01-15T02:15:57.843Z,2.701
2023-01-15T02:15:58.121Z,2023-01-15T02:16:00.611Z,2.49
2023-01-15T02:16:01.108Z,2023-01-15T02:16:03.678Z,2.57
2023-01-15T02:16:03.639Z,2023-01-15T02:16:06.337Z,2.698
2023-01-15T02:16:06.595Z,2023-01-15T02:16:09.221Z,2.626
2023-01-15T02:16:09.919Z,2023-01-15T02:16:12.477Z,2.558
2023-01-15T02:16:12.881Z,2023-01-15T02:16:15.550Z,2.669
2023-01-15T02:16:16.247Z,2023-01-15T02:16:18.913Z,2.666
2023-01-15T02:16:18.736Z,2023-01-15T02:16:21.593Z,2.857
2023-01-15T02:16:21.335Z,2023-01-15T02:16:23.829Z,2.494
2023-01-15T02:16:24.046Z,2023-01-15T02:16:26.704Z,2.658
2023-01-15T02:16:27.060Z,2023-01-15T02:16:29.562Z,2.502
2023-01-15T02:16:29.565Z,2023-01-15T02:16:32.120Z,2.555
2023-01-15T02:16:32.229Z,2023-01-15T02:16:34.890Z,2.661
2023-01-15T02:16:35.083Z,2023-01-15T02:16:37.703Z,2.62
2023-01-15T02:16:37.764Z,2023-01-15T02:16:40.520Z,2.756
2023-01-15T02:16:40.452Z,2023-01-15T02:16:42.920Z,2.468
2023-01-15T02:16:43.564Z,2023-01-15T02:16:46.185Z,2.621
2023-01-15T02:16:46.401Z,2023-01-15T02:16:49.157Z,2.756
2023-01-15T02:16:49.585Z,2023-01-15T02:16:52.284Z,2.699
2023-01-15T02:16:52.713Z,2023-01-15T02:16:55.234Z,2.521
2023-01-15T02:16:55.686Z,2023-01-15T02:16:59.094Z,3.408
2023-01-15T02:16:59.053Z,2023-01-15T02:17:01.817Z,2.764
2023-01-15T02:17:02.516Z,2023-01-15T02:17:05.195Z,2.679
2023-01-15T02:17:05.082Z,2023-01-15T02:17:07.760Z,2.678
2023-01-15T02:17:08.382Z,2023-01-15T02:17:11.016Z,2.634
2023-01-15T02:17:11.068Z,2023-01-15T02:17:14.076Z,3.008
2023-01-15T02:17:13.744Z,2023-01-15T02:17:16.179Z,2.435
2023-01-15T02:17:16.659Z,2023-01-15T02:17:19.233Z,2.574
2023-01-15T02:17:19.643Z,2023-01-15T02:17:22.208Z,2.565
2023-01-15T02:17:22.232Z,2023-01-15T02:17:24.823Z,2.591
2023-01-15T02:17:25.499Z,2023-01-15T02:17:27.994Z,2.495
2023-01-15T02:17:28.699Z,2023-01-15T02:17:31.170Z,2.471
2023-01-15T02:17:31.550Z,2023-01-15T02:17:34.137Z,2.587
2023-01-15T02:17:34.120Z,2023-01-15T02:17:36.675Z,2.555
2023-01-15T02:17:37.078Z,2023-01-15T02:17:39.656Z,2.578
2023-01-15T02:17:40.214Z,2023-01-15T02:17:42.788Z,2.574
2023-01-15T02:17:42.789Z,2023-01-15T02:17:45.345Z,2.556
2023-01-15T02:17:45.789Z,2023-01-15T02:17:48.525Z,2.736
2023-01-15T02:17:49.074Z,2023-01-15T02:17:51.743Z,2.669
2023-01-15T02:17:52.023Z,2023-01-15T02:17:54.679Z,2.656
2023-01-15T02:17:54.631Z,2023-01-15T02:17:57.129Z,2.498
2023-01-15T02:17:57.915Z,2023-01-15T02:18:00.541Z,2.626
2023-01-15T02:18:00.693Z,2023-01-15T02:18:03.838Z,3.145
2023-01-15T02:18:03.673Z,2023-01-15T02:18:06.970Z,3.297
2023-01-15T02:18:06.216Z,2023-01-15T02:18:08.687Z,2.471
2023-01-15T02:18:09.171Z,2023-01-15T02:18:11.913Z,2.742
2023-01-15T02:18:12.385Z,2023-01-15T02:18:15.071Z,2.686
2023-01-15T02:18:15.811Z,2023-01-15T02:18:20.190Z,4.379
2023-01-15T02:18:18.989Z,2023-01-15T02:18:21.320Z,2.331
2023-01-15T02:18:21.646Z,2023-01-15T02:18:24.389Z,2.743
2023-01-15T02:18:24.351Z,2023-01-15T02:18:26.842Z,2.491
2023-01-15T02:18:27.716Z,2023-01-15T02:18:30.225Z,2.509
2023-01-15T02:18:30.586Z,2023-01-15T02:18:33.040Z,2.454
2023-01-15T02:18:33.675Z,2023-01-15T02:18:36.161Z,2.486
2023-01-15T02:18:36.584Z,2023-01-15T02:18:40.276Z,3.692
2023-01-15T02:18:39.271Z,2023-01-15T02:18:43.116Z,3.845
2023-01-15T02:18:42.493Z,2023-01-15T02:18:45.086Z,2.593
2023-01-15T02:18:45.264Z,2023-01-15T02:18:48.106Z,2.842
2023-01-15T02:18:47.981Z,2023-01-15T02:18:50.663Z,2.682
2023-01-15T02:18:50.487Z,2023-01-15T02:18:53.130Z,2.643
2023-01-15T02:18:53.237Z,2023-01-15T02:18:55.749Z,2.512
2023-01-15T02:18:56.256Z,2023-01-15T02:18:58.776Z,2.52
2023-01-15T02:18:59.296Z,2023-01-15T02:19:01.844Z,2.548
2023-01-15T02:19:02.160Z,2023-01-15T02:19:04.710Z,2.55
2023-01-15T02:19:04.715Z,2023-01-15T02:19:07.203Z,2.488
2023-01-15T02:19:08.075Z,2023-01-15T02:19:11.500Z,3.425
2023-01-15T02:19:10.648Z,2023-01-15T02:19:13.176Z,2.528
2023-01-15T02:19:14.103Z,2023-01-15T02:19:16.712Z,2.609
2023-01-15T02:19:17.499Z,2023-01-15T02:19:19.954Z,2.455
2023-01-15T02:19:19.932Z,2023-01-15T02:19:22.417Z,2.485
2023-01-15T02:19:22.444Z,2023-01-15T02:19:24.934Z,2.49
2023-01-15T02:19:25.783Z,2023-01-15T02:19:28.368Z,2.585
2023-01-15T02:19:28.492Z,2023-01-15T02:19:31.104Z,2.612
2023-01-15T02:19:31.112Z,2023-01-15T02:19:33.628Z,2.516
2023-01-15T02:19:34.419Z,2023-01-15T02:19:36.879Z,2.46
2023-01-15T02:19:37.029Z,2023-01-15T02:19:39.537Z,2.508
2023-01-15T02:19:39.766Z,2023-01-15T02:19:42.836Z,3.07
2023-01-15T02:19:42.332Z,2023-01-15T02:19:44.822Z,2.49
2023-01-15T02:19:44.827Z,2023-01-15T02:19:47.277Z,2.45
2023-01-15T02:19:48.136Z,2023-01-15T02:19:50.599Z,2.463
2023-01-15T02:19:51.059Z,2023-01-15T02:19:53.538Z,2.479
2023-01-15T02:19:54.013Z,2023-01-15T02:19:56.512Z,2.499
2023-01-15T02:19:56.488Z,2023-01-15T02:19:58.965Z,2.477
2023-01-15T02:19:59.509Z,2023-01-15T02:20:01.984Z,2.475
2023-01-15T02:20:02.628Z,2023-01-15T02:20:05.149Z,2.521
2023-01-15T02:20:05.735Z,2023-01-15T02:20:08.206Z,2.471
2023-01-15T02:20:08.849Z,2023-01-15T02:20:11.278Z,2.429
2023-01-15T02:20:11.782Z,2023-01-15T02:20:14.290Z,2.508
2023-01-15T02:20:14.936Z,2023-01-15T02:20:17.404Z,2.468
2023-01-15T02:20:18.312Z,2023-01-15T02:20:20.819Z,2.507
2023-01-15T02:20:21.427Z,2023-01-15T02:20:23.907Z,2.48
2023-01-15T02:20:24.693Z,2023-01-15T02:20:27.142Z,2.449
2023-01-15T02:20:27.930Z,2023-01-15T02:20:30.359Z,2.429
2023-01-15T02:20:30.867Z,2023-01-15T02:20:33.353Z,2.486
2023-01-15T02:20:34.056Z,2023-01-15T02:20:36.518Z,2.462
2023-01-15T02:20:37.170Z,2023-01-15T02:20:39.625Z,2.455
2023-01-15T02:20:40.272Z,2023-01-15T02:20:42.697Z,2.425
2023-01-15T02:20:42.756Z,2023-01-15T02:20:45.238Z,2.482
2023-01-15T02:20:46.196Z,2023-01-15T02:20:48.660Z,2.464
2023-01-15T02:20:49.625Z,2023-01-15T02:20:52.090Z,2.465
2023-01-15T02:20:52.782Z,2023-01-15T02:20:55.259Z,2.477
2023-01-15T02:20:55.981Z,2023-01-15T02:20:58.430Z,2.449
2023-01-15T02:20:58.820Z,2023-01-15T02:21:01.254Z,2.434
2023-01-15T02:21:01.997Z,2023-01-15T02:21:04.478Z,2.481
2023-01-15T02:21:04.628Z,2023-01-15T02:21:07.068Z,2.44
2023-01-15T02:21:07.127Z,2023-01-15T02:21:09.593Z,2.466
2023-01-15T02:21:10.356Z,2023-01-15T02:21:12.843Z,2.487
2023-01-15T02:21:12.912Z,2023-01-15T02:21:15.446Z,2.534
2023-01-15T02:21:15.592Z,2023-01-15T02:21:18.065Z,2.473
2023-01-15T02:21:18.878Z,2023-01-15T02:21:21.337Z,2.459
2023-01-15T02:21:21.626Z,2023-01-15T02:21:24.082Z,2.456
2023-01-15T02:21:24.599Z,2023-01-15T02:21:26.938Z,2.339
2023-01-15T02:21:27.123Z,2023-01-15T02:21:29.469Z,2.346
2023-01-15T02:21:30.416Z,2023-01-15T02:21:32.772Z,2.356
2023-01-15T02:21:32.909Z,2023-01-15T02:21:35.226Z,2.317
2023-01-15T02:21:36.069Z,2023-01-15T02:21:38.428Z,2.359
2023-01-15T02:21:38.776Z,2023-01-15T02:21:41.099Z,2.323
2023-01-15T02:21:42.093Z,2023-01-15T02:21:44.445Z,2.352
2023-01-15T02:21:45.162Z,2023-01-15T02:21:47.620Z,2.458
2023-01-15T02:21:47.896Z,2023-01-15T02:21:50.340Z,2.444
2023-01-15T02:21:51.009Z,2023-01-15T02:21:53.481Z,2.472
2023-01-15T02:21:53.820Z,2023-01-15T02:21:56.287Z,2.467
2023-01-15T02:21:56.739Z,2023-01-15T02:21:59.207Z,2.468
2023-01-15T02:21:59.556Z,2023-01-15T02:22:02.044Z,2.488
2023-01-15T02:22:02.292Z,2023-01-15T02:22:04.628Z,2.336
2023-01-15T02:22:05.226Z,2023-01-15T02:22:07.688Z,2.462
2023-01-15T02:22:08.008Z,2023-01-15T02:22:10.475Z,2.467
2023-01-15T02:22:10.721Z,2023-01-15T02:22:13.224Z,2.503
2023-01-15T02:22:13.892Z,2023-01-15T02:22:16.338Z,2.446
2023-01-15T02:22:16.694Z,2023-01-15T02:22:19.123Z,2.429
2023-01-15T02:22:19.986Z,2023-01-15T02:22:22.473Z,2.487
2023-01-15T02:22:23.257Z,2023-01-15T02:22:25.752Z,2.495
2023-01-15T02:22:26.403Z,2023-01-15T02:22:28.869Z,2.466
2023-01-15T02:22:29.539Z,2023-01-15T02:22:31.969Z,2.43
2023-01-15T02:22:32.674Z,2023-01-15T02:22:35.106Z,2.432
2023-01-15T02:22:35.665Z,2023-01-15T02:22:38.113Z,2.448
2023-01-15T02:22:38.399Z,2023-01-15T02:22:40.878Z,2.479
2023-01-15T02:22:41.001Z,2023-01-15T02:22:43.470Z,2.469
2023-01-15T02:22:43.781Z,2023-01-15T02:22:46.226Z,2.445
2023-01-15T02:22:46.256Z,2023-01-15T02:22:48.698Z,2.442
2023-01-15T02:22:49.072Z,2023-01-15T02:22:51.418Z,2.346
2023-01-15T02:22:51.456Z,2023-01-15T02:22:53.924Z,2.468
2023-01-15T02:22:54.745Z,2023-01-15T02:22:57.205Z,2.46
2023-01-15T02:22:58.096Z,2023-01-15T02:23:00.574Z,2.478
2023-01-15T02:23:01.559Z,2023-01-15T02:23:04.034Z,2.475
2023-01-15T02:23:04.879Z,2023-01-15T02:23:07.515Z,2.636
2023-01-15T02:23:07.498Z,2023-01-15T02:23:09.960Z,2.462
2023-01-15T02:23:10.706Z,2023-01-15T02:23:13.208Z,2.502
2023-01-15T02:23:13.479Z,2023-01-15T02:23:15.910Z,2.431
2023-01-15T02:23:16.108Z,2023-01-15T02:23:18.591Z,2.483
2023-01-15T02:23:18.862Z,2023-01-15T02:23:21.317Z,2.455
2023-01-15T02:23:21.326Z,2023-01-15T02:23:23.817Z,2.491
2023-01-15T02:23:24.072Z,2023-01-15T02:23:26.567Z,2.495
2023-01-15T02:23:26.689Z,2023-01-15T02:23:29.150Z,2.461
2023-01-15T02:23:29.898Z,2023-01-15T02:23:32.368Z,2.47
2023-01-15T02:23:33.011Z,2023-01-15T02:23:35.466Z,2.455
2023-01-15T02:23:36.173Z,2023-01-15T02:23:38.534Z,2.361
2023-01-15T02:23:38.586Z,2023-01-15T02:23:40.916Z,2.33
2023-01-15T02:23:41.895Z,2023-01-15T02:23:44.238Z,2.343
2023-01-15T02:23:44.949Z,2023-01-15T02:23:47.286Z,2.337
2023-01-15T02:23:48.063Z,2023-01-15T02:23:50.505Z,2.442
2023-01-15T02:23:51.290Z,2023-01-15T02:23:53.623Z,2.333
2023-01-15T02:23:54.588Z,2023-01-15T02:23:56.919Z,2.331
2023-01-15T02:23:57.398Z,2023-01-15T02:23:59.729Z,2.331
2023-01-15T02:23:59.835Z,2023-01-15T02:24:02.280Z,2.445
2023-01-15T02:24:02.530Z,2023-01-15T02:24:04.878Z,2.348
2023-01-15T02:24:05.332Z,2023-01-15T02:24:07.704Z,2.372
2023-01-15T02:24:08.269Z,2023-01-15T02:24:10.713Z,2.444
2023-01-15T02:24:11.470Z,2023-01-15T02:24:13.831Z,2.361
2023-01-15T02:24:14.799Z,2023-01-15T02:24:17.139Z,2.34
2023-01-15T02:24:17.216Z,2023-01-15T02:24:19.566Z,2.35
2023-01-15T02:24:20.483Z,2023-01-15T02:24:22.830Z,2.347
2023-01-15T02:24:23.740Z,2023-01-15T02:24:26.073Z,2.333
2023-01-15T02:24:26.314Z,2023-01-15T02:24:28.679Z,2.365
2023-01-15T02:24:29.533Z,2023-01-15T02:24:31.880Z,2.347
2023-01-15T02:24:32.294Z,2023-01-15T02:24:34.681Z,2.387
2023-01-15T02:24:35.459Z,2023-01-15T02:24:37.792Z,2.333
2023-01-15T02:24:38.696Z,2023-01-15T02:24:41.030Z,2.334
2023-01-15T02:24:41.233Z,2023-01-15T02:24:43.572Z,2.339
2023-01-15T02:24:44.157Z,2023-01-15T02:24:46.508Z,2.351
2023-01-15T02:24:46.566Z,2023-01-15T02:24:48.893Z,2.327
2023-01-15T02:24:49.764Z,2023-01-15T02:24:52.093Z,2.329
2023-01-15T02:24:52.762Z,2023-01-15T02:24:55.104Z,2.342
2023-01-15T02:24:55.207Z,2023-01-15T02:24:57.555Z,2.348
2023-01-15T02:24:58.426Z,2023-01-15T02:25:00.739Z,2.313
2023-01-15T02:25:01.179Z,2023-01-15T02:25:03.522Z,2.343
2023-01-15T02:25:04.169Z,2023-01-15T02:25:06.523Z,2.354
2023-01-15T02:25:07.358Z,2023-01-15T02:25:09.848Z,2.49
2023-01-15T02:25:10.569Z,2023-01-15T02:25:12.935Z,2.366
2023-01-15T02:25:13.069Z,2023-01-15T02:25:15.411Z,2.342
2023-01-15T02:25:15.922Z,2023-01-15T02:25:18.266Z,2.344
2023-01-15T02:25:18.958Z,2023-01-15T02:25:21.291Z,2.333
2023-01-15T02:25:21.793Z,2023-01-15T02:25:24.112Z,2.319
2023-01-15T02:25:24.226Z,2023-01-15T02:25:26.567Z,2.341
2023-01-15T02:25:26.591Z,2023-01-15T02:25:29.071Z,2.48
2023-01-15T02:25:29.082Z,2023-01-15T02:25:31.514Z,2.432
2023-01-15T02:25:32.081Z,2023-01-15T02:25:34.426Z,2.345
2023-01-15T02:25:34.542Z,2023-01-15T02:25:36.870Z,2.328
2023-01-15T02:25:37.088Z,2023-01-15T02:25:39.407Z,2.319
2023-01-15T02:25:40.076Z,2023-01-15T02:25:42.442Z,2.366
2023-01-15T02:25:43.193Z,2023-01-15T02:25:45.665Z,2.472
2023-01-15T02:25:45.681Z,2023-01-15T02:25:48.144Z,2.463
2023-01-15T02:25:48.476Z,2023-01-15T02:25:51.070Z,2.594
2023-01-15T02:25:51.685Z,2023-01-15T02:25:54.035Z,2.35
2023-01-15T02:25:54.963Z,2023-01-15T02:25:57.302Z,2.339
2023-01-15T02:25:57.619Z,2023-01-15T02:26:00.082Z,2.463
2023-01-15T02:26:00.480Z,2023-01-15T02:26:02.814Z,2.334
2023-01-15T02:26:03.124Z,2023-01-15T02:26:05.477Z,2.353
2023-01-15T02:26:06.232Z,2023-01-15T02:26:08.561Z,2.329
2023-01-15T02:26:08.970Z,2023-01-15T02:26:11.286Z,2.316
2023-01-15T02:26:11.777Z,2023-01-15T02:26:14.120Z,2.343
2023-01-15T02:26:14.924Z,2023-01-15T02:26:17.277Z,2.353
2023-01-15T02:26:17.434Z,2023-01-15T02:26:19.826Z,2.392
2023-01-15T02:26:20.061Z,2023-01-15T02:26:22.410Z,2.349
2023-01-15T02:26:22.926Z,2023-01-15T02:26:25.260Z,2.334
2023-01-15T02:26:25.499Z,2023-01-15T02:26:27.852Z,2.353
2023-01-15T02:26:28.486Z,2023-01-15T02:26:30.866Z,2.38
2023-01-15T02:26:30.893Z,2023-01-15T02:26:33.242Z,2.349
2023-01-15T02:26:33.871Z,2023-01-15T02:26:36.206Z,2.335
2023-01-15T02:26:37.187Z,2023-01-15T02:26:39.518Z,2.331
2023-01-15T02:26:40.089Z,2023-01-15T02:26:42.537Z,2.448
2023-01-15T02:26:42.936Z,2023-01-15T02:26:45.302Z,2.366
2023-01-15T02:26:45.429Z,2023-01-15T02:26:47.761Z,2.332
2023-01-15T02:26:48.309Z,2023-01-15T02:26:50.651Z,2.342
2023-01-15T02:26:50.759Z,2023-01-15T02:26:53.092Z,2.333
2023-01-15T02:26:53.897Z,2023-01-15T02:26:56.245Z,2.348
2023-01-15T02:26:56.355Z,2023-01-15T02:26:58.703Z,2.348
2023-01-15T02:26:59.637Z,2023-01-15T02:27:02.011Z,2.374
2023-01-15T02:27:02.860Z,2023-01-15T02:27:05.214Z,2.354
2023-01-15T02:27:05.903Z,2023-01-15T02:27:08.247Z,2.344
2023-01-15T02:27:08.572Z,2023-01-15T02:27:10.922Z,2.35
2023-01-15T02:27:11.499Z,2023-01-15T02:27:13.839Z,2.34
2023-01-15T02:27:14.146Z,2023-01-15T02:27:16.506Z,2.36
2023-01-15T02:27:17.278Z,2023-01-15T02:27:19.685Z,2.407
2023-01-15T02:27:19.768Z,2023-01-15T02:27:22.075Z,2.307
2023-01-15T02:27:22.419Z,2023-01-15T02:27:24.735Z,2.316
2023-01-15T02:27:25.235Z,2023-01-15T02:27:27.580Z,2.345
2023-01-15T02:27:28.182Z,2023-01-15T02:27:30.518Z,2.336
2023-01-15T02:27:31.067Z,2023-01-15T02:27:33.394Z,2.327
2023-01-15T02:27:33.953Z,2023-01-15T02:27:36.248Z,2.295
2023-01-15T02:27:36.994Z,2023-01-15T02:27:39.331Z,2.337
2023-01-15T02:27:40.250Z,2023-01-15T02:27:42.617Z,2.367
2023-01-15T02:27:43.406Z,2023-01-15T02:27:45.715Z,2.309
2023-01-15T02:27:46.222Z,2023-01-15T02:27:48.599Z,2.377
2023-01-15T02:27:49.115Z,2023-01-15T02:27:51.456Z,2.341
2023-01-15T02:27:51.932Z,2023-01-15T02:27:54.251Z,2.319
2023-01-15T02:27:54.576Z,2023-01-15T02:27:56.904Z,2.328
2023-01-15T02:27:57.539Z,2023-01-15T02:27:59.877Z,2.338
2023-01-15T02:28:00.059Z,2023-01-15T02:28:02.456Z,2.397
2023-01-15T02:28:02.623Z,2023-01-15T02:28:04.961Z,2.338
2023-01-15T02:28:05.140Z,2023-01-15T02:28:07.467Z,2.327
2023-01-15T02:28:07.518Z,2023-01-15T02:28:09.859Z,2.341
2023-01-15T02:28:10.817Z,2023-01-15T02:28:13.164Z,2.347
2023-01-15T02:28:13.666Z,2023-01-15T02:28:15.989Z,2.323
2023-01-15T02:28:16.059Z,2023-01-15T02:28:18.375Z,2.316
2023-01-15T02:28:19.022Z,2023-01-15T02:28:21.360Z,2.338
2023-01-15T02:28:21.553Z,2023-01-15T02:28:23.891Z,2.338
2023-01-15T02:28:24.548Z,2023-01-15T02:28:26.919Z,2.371
2023-01-15T02:28:27.578Z,2023-01-15T02:28:29.880Z,2.302
2023-01-15T02:28:29.904Z,2023-01-15T02:28:32.254Z,2.35
2023-01-15T02:28:32.312Z,2023-01-15T02:28:34.667Z,2.355
2023-01-15T02:28:35.507Z,2023-01-15T02:28:37.833Z,2.326
2023-01-15T02:28:38.586Z,2023-01-15T02:28:40.918Z,2.332
2023-01-15T02:28:41.736Z,2023-01-15T02:28:44.198Z,2.462
2023-01-15T02:28:44.407Z,2023-01-15T02:28:46.742Z,2.335
2023-01-15T02:28:46.907Z,2023-01-15T02:28:49.262Z,2.355
2023-01-15T02:28:49.890Z,2023-01-15T02:28:52.211Z,2.321
2023-01-15T02:28:53.191Z,2023-01-15T02:28:55.486Z,2.295
2023-01-15T02:28:55.829Z,2023-01-15T02:28:58.171Z,2.342
2023-01-15T02:28:58.316Z,2023-01-15T02:29:00.636Z,2.32
2023-01-15T02:29:00.930Z,2023-01-15T02:29:03.274Z,2.344
2023-01-15T02:29:04.086Z,2023-01-15T02:29:06.493Z,2.407
2023-01-15T02:29:07.399Z,2023-01-15T02:29:09.726Z,2.327
2023-01-15T02:29:09.975Z,2023-01-15T02:29:12.285Z,2.31
2023-01-15T02:29:12.310Z,2023-01-15T02:29:14.617Z,2.307
2023-01-15T02:29:15.449Z,2023-01-15T02:29:17.865Z,2.416
2023-01-15T02:29:18.478Z,2023-01-15T02:29:20.886Z,2.408
2023-01-15T02:29:21.606Z,2023-01-15T02:29:23.947Z,2.341
2023-01-15T02:29:23.975Z,2023-01-15T02:29:26.312Z,2.337
2023-01-15T02:29:26.945Z,2023-01-15T02:29:29.277Z,2.332
2023-01-15T02:29:29.782Z,2023-01-15T02:29:32.138Z,2.356
2023-01-15T02:29:33.046Z,2023-01-15T02:29:35.378Z,2.332
2023-01-15T02:29:35.402Z,2023-01-15T02:29:37.757Z,2.355
2023-01-15T02:29:38.042Z,2023-01-15T02:29:40.394Z,2.352
2023-01-15T02:29:41.366Z,2023-01-15T02:29:43.689Z,2.323
2023-01-15T02:29:44.609Z,2023-01-15T02:29:46.963Z,2.354
2023-01-15T02:29:47.198Z,2023-01-15T02:29:49.692Z,2.494
2023-01-15T02:29:49.874Z,2023-01-15T02:29:52.255Z,2.381
2023-01-15T02:29:52.347Z,2023-01-15T02:29:54.655Z,2.308
2023-01-15T02:29:55.469Z,2023-01-15T02:29:57.793Z,2.324
2023-01-15T02:29:58.345Z,2023-01-15T02:30:00.811Z,2.466
2023-01-15T02:30:01.182Z,2023-01-15T02:30:03.523Z,2.341
2023-01-15T02:30:04.438Z,2023-01-15T02:30:06.795Z,2.357
2023-01-15T02:30:07.433Z,2023-01-15T02:30:09.813Z,2.38
2023-01-15T02:30:10.295Z,2023-01-15T02:30:12.658Z,2.363
2023-01-15T02:30:13.108Z,2023-01-15T02:30:15.438Z,2.33
2023-01-15T02:30:16.086Z,2023-01-15T02:30:18.418Z,2.332
2023-01-15T02:30:19.229Z,2023-01-15T02:30:21.577Z,2.348
2023-01-15T02:30:22.085Z,2023-01-15T02:30:24.492Z,2.407
2023-01-15T02:30:24.499Z,2023-01-15T02:30:26.819Z,2.32
2023-01-15T02:30:26.930Z,2023-01-15T02:30:29.258Z,2.328
2023-01-15T02:30:30.028Z,2023-01-15T02:30:32.329Z,2.301
2023-01-15T02:30:33.298Z,2023-01-15T02:30:35.656Z,2.358
2023-01-15T02:30:36.532Z,2023-01-15T02:30:38.887Z,2.355
2023-01-15T02:30:39.163Z,2023-01-15T02:30:41.507Z,2.344
2023-01-15T02:30:41.906Z,2023-01-15T02:30:44.275Z,2.369
2023-01-15T02:30:44.830Z,2023-01-15T02:30:47.354Z,2.524
2023-01-15T02:30:48.096Z,2023-01-15T02:30:50.437Z,2.341
2023-01-15T02:30:50.865Z,2023-01-15T02:30:53.214Z,2.349
2023-01-15T02:30:53.552Z,2023-01-15T02:30:55.916Z,2.364
2023-01-15T02:30:56.092Z,2023-01-15T02:30:58.444Z,2.352
2023-01-15T02:30:59.280Z,2023-01-15T02:31:01.616Z,2.336
2023-01-15T02:31:02.002Z,2023-01-15T02:31:04.325Z,2.323
2023-01-15T02:31:05.320Z,2023-01-15T02:31:07.622Z,2.302
2023-01-15T02:31:08.426Z,2023-01-15T02:31:10.745Z,2.319
2023-01-15T02:31:11.201Z,2023-01-15T02:31:13.533Z,2.332
2023-01-15T02:31:13.815Z,2023-01-15T02:31:16.184Z,2.369
2023-01-15T02:31:16.345Z,2023-01-15T02:31:18.804Z,2.459
2023-01-15T02:31:19.109Z,2023-01-15T02:31:21.458Z,2.349
2023-01-15T02:31:22.184Z,2023-01-15T02:31:24.677Z,2.493
2023-01-15T02:31:25.629Z,2023-01-15T02:31:27.984Z,2.355
2023-01-15T02:31:28.112Z,2023-01-15T02:31:30.459Z,2.347
2023-01-15T02:31:30.773Z,2023-01-15T02:31:33.142Z,2.369
2023-01-15T02:31:33.641Z,2023-01-15T02:31:35.979Z,2.338
2023-01-15T02:31:36.099Z,2023-01-15T02:31:38.603Z,2.504
2023-01-15T02:31:39.510Z,2023-01-15T02:31:41.943Z,2.433
2023-01-15T02:31:42.196Z,2023-01-15T02:31:44.677Z,2.481
2023-01-15T02:31:45.346Z,2023-01-15T02:31:47.677Z,2.331
2023-01-15T02:31:48.179Z,2023-01-15T02:31:50.564Z,2.385
2023-01-15T02:31:51.305Z,2023-01-15T02:31:53.679Z,2.374
2023-01-15T02:31:54.406Z,2023-01-15T02:31:56.768Z,2.362
2023-01-15T02:31:57.723Z,2023-01-15T02:32:00.289Z,2.566
2023-01-15T02:32:00.669Z,2023-01-15T02:32:03.135Z,2.466
2023-01-15T02:32:04.045Z,2023-01-15T02:32:06.397Z,2.352
2023-01-15T02:32:07.316Z,2023-01-15T02:32:09.799Z,2.483
2023-01-15T02:32:10.051Z,2023-01-15T02:32:12.365Z,2.314
2023-01-15T02:32:13.032Z,2023-01-15T02:32:15.392Z,2.36
2023-01-15T02:32:15.813Z,2023-01-15T02:32:18.142Z,2.329
2023-01-15T02:32:18.432Z,2023-01-15T02:32:20.744Z,2.312
2023-01-15T02:32:20.944Z,2023-01-15T02:32:23.266Z,2.322
2023-01-15T02:32:23.915Z,2023-01-15T02:32:26.227Z,2.312
2023-01-15T02:32:26.845Z,2023-01-15T02:32:29.200Z,2.355
2023-01-15T02:32:29.922Z,2023-01-15T02:32:32.253Z,2.331
2023-01-15T02:32:32.951Z,2023-01-15T02:32:35.409Z,2.458
2023-01-15T02:32:35.935Z,2023-01-15T02:32:38.252Z,2.317
2023-01-15T02:32:39.004Z,2023-01-15T02:32:41.461Z,2.457
2023-01-15T02:32:41.926Z,2023-01-15T02:32:44.408Z,2.482
2023-01-15T02:32:44.552Z,2023-01-15T02:32:47.044Z,2.492
2023-01-15T02:32:47.789Z,2023-01-15T02:32:50.260Z,2.471
2023-01-15T02:32:50.652Z,2023-01-15T02:32:52.994Z,2.342
2023-01-15T02:32:53.461Z,2023-01-15T02:32:55.813Z,2.352
2023-01-15T02:32:56.242Z,2023-01-15T02:32:58.634Z,2.392
2023-01-15T02:32:59.449Z,2023-01-15T02:33:01.884Z,2.435
2023-01-15T02:33:02.653Z,2023-01-15T02:33:04.952Z,2.299
2023-01-15T02:33:05.075Z,2023-01-15T02:33:07.585Z,2.51
2023-01-15T02:33:07.689Z,2023-01-15T02:33:10.021Z,2.332
2023-01-15T02:33:10.660Z,2023-01-15T02:33:13.000Z,2.34
2023-01-15T02:33:13.420Z,2023-01-15T02:33:15.733Z,2.313
2023-01-15T02:33:16.088Z,2023-01-15T02:33:18.584Z,2.496
2023-01-15T02:33:18.912Z,2023-01-15T02:33:21.354Z,2.442
2023-01-15T02:33:21.376Z,2023-01-15T02:33:23.852Z,2.476
2023-01-15T02:33:23.922Z,2023-01-15T02:33:26.257Z,2.335
2023-01-15T02:33:26.462Z,2023-01-15T02:33:28.970Z,2.508
2023-01-15T02:33:29.679Z,2023-01-15T02:33:32.165Z,2.486
2023-01-15T02:33:32.799Z,2023-01-15T02:33:35.305Z,2.506
2023-01-15T02:33:35.909Z,2023-01-15T02:33:38.349Z,2.44
2023-01-15T02:33:38.531Z,2023-01-15T02:33:40.973Z,2.442
2023-01-15T02:33:41.936Z,2023-01-15T02:33:44.393Z,2.457
2023-01-15T02:33:45.340Z,2023-01-15T02:33:47.816Z,2.476
2023-01-15T02:33:47.865Z,2023-01-15T02:33:50.354Z,2.489
2023-01-15T02:33:50.529Z,2023-01-15T02:33:52.997Z,2.468
2023-01-15T02:33:53.952Z,2023-01-15T02:33:56.417Z,2.465
2023-01-15T02:33:57.059Z,2023-01-15T02:33:59.536Z,2.477
2023-01-15T02:33:59.734Z,2023-01-15T02:34:02.114Z,2.38
2023-01-15T02:34:02.934Z,2023-01-15T02:34:05.329Z,2.395
2023-01-15T02:34:06.028Z,2023-01-15T02:34:08.514Z,2.486
2023-01-15T02:34:09.252Z,2023-01-15T02:34:11.721Z,2.469
2023-01-15T02:34:12.286Z,2023-01-15T02:34:14.764Z,2.478
2023-01-15T02:34:15.235Z,2023-01-15T02:34:17.783Z,2.548
2023-01-15T02:34:18.380Z,2023-01-15T02:34:20.862Z,2.482
2023-01-15T02:34:21.669Z,2023-01-15T02:34:23.986Z,2.317
2023-01-15T02:34:24.716Z,2023-01-15T02:34:27.047Z,2.331
2023-01-15T02:34:27.090Z,2023-01-15T02:34:29.474Z,2.384
2023-01-15T02:34:29.575Z,2023-01-15T02:34:31.933Z,2.358
2023-01-15T02:34:32.469Z,2023-01-15T02:34:34.846Z,2.377
2023-01-15T02:34:35.797Z,2023-01-15T02:34:38.126Z,2.329
2023-01-15T02:34:38.819Z,2023-01-15T02:34:41.139Z,2.32
2023-01-15T02:34:41.560Z,2023-01-15T02:34:43.888Z,2.328
2023-01-15T02:34:44.045Z,2023-01-15T02:34:46.435Z,2.39
2023-01-15T02:34:46.704Z,2023-01-15T02:34:49.064Z,2.36
2023-01-15T02:34:49.161Z,2023-01-15T02:34:51.660Z,2.499
2023-01-15T02:34:51.819Z,2023-01-15T02:34:54.331Z,2.512
2023-01-15T02:34:55.186Z,2023-01-15T02:34:57.637Z,2.451
2023-01-15T02:34:57.837Z,2023-01-15T02:35:00.222Z,2.385
2023-01-15T02:35:00.416Z,2023-01-15T02:35:02.796Z,2.38
2023-01-15T02:35:02.925Z,2023-01-15T02:35:05.320Z,2.395
2023-01-15T02:35:05.302Z,2023-01-15T02:35:07.688Z,2.386
2023-01-15T02:35:08.175Z,2023-01-15T02:35:10.586Z,2.411
2023-01-15T02:35:10.719Z,2023-01-15T02:35:13.286Z,2.567
2023-01-15T02:35:13.499Z,2023-01-15T02:35:15.839Z,2.34
2023-01-15T02:35:16.743Z,2023-01-15T02:35:19.111Z,2.368
2023-01-15T02:35:19.759Z,2023-01-15T02:35:22.211Z,2.452
2023-01-15T02:35:22.756Z,2023-01-15T02:35:25.107Z,2.351
2023-01-15T02:35:25.702Z,2023-01-15T02:35:28.768Z,3.066
2023-01-15T02:35:28.498Z,2023-01-15T02:35:30.914Z,2.416
2023-01-15T02:35:31.085Z,2023-01-15T02:35:33.353Z,2.268
2023-01-15T02:35:34.037Z,2023-01-15T02:35:36.432Z,2.395
2023-01-15T02:35:36.377Z,2023-01-15T02:35:38.903Z,2.526
2023-01-15T02:35:39.807Z,2023-01-15T02:35:42.413Z,2.606
2023-01-15T02:35:43.168Z,2023-01-15T02:35:45.652Z,2.484
2023-01-15T02:35:45.976Z,2023-01-15T02:35:48.523Z,2.547
2023-01-15T02:35:48.486Z,2023-01-15T02:35:52.081Z,3.595
2023-01-15T02:35:51.650Z,2023-01-15T02:35:54.563Z,2.913
2023-01-15T02:35:54.601Z,2023-01-15T02:35:57.338Z,2.737
2023-01-15T02:35:57.907Z,2023-01-15T02:36:00.615Z,2.708
2023-01-15T02:36:00.469Z,2023-01-15T02:36:03.090Z,2.621
2023-01-15T02:36:03.729Z,2023-01-15T02:36:06.137Z,2.408
2023-01-15T02:36:06.191Z,2023-01-15T02:36:08.674Z,2.483
2023-01-15T02:36:09.626Z,2023-01-15T02:36:12.142Z,2.516
2023-01-15T02:36:12.215Z,2023-01-15T02:36:14.558Z,2.343
2023-01-15T02:36:15.203Z,2023-01-15T02:36:17.552Z,2.349
2023-01-15T02:36:17.948Z,2023-01-15T02:36:20.293Z,2.345
2023-01-15T02:36:20.934Z,2023-01-15T02:36:23.273Z,2.339
2023-01-15T02:36:24.072Z,2023-01-15T02:36:26.554Z,2.482
2023-01-15T02:36:26.837Z,2023-01-15T02:36:29.299Z,2.462
2023-01-15T02:36:29.452Z,2023-01-15T02:36:31.931Z,2.479
2023-01-15T02:36:32.898Z,2023-01-15T02:36:35.243Z,2.345
2023-01-15T02:36:36.061Z,2023-01-15T02:36:38.421Z,2.36
2023-01-15T02:36:39.039Z,2023-01-15T02:36:41.373Z,2.334
2023-01-15T02:36:42.313Z,2023-01-15T02:36:44.772Z,2.459
2023-01-15T02:36:45.390Z,2023-01-15T02:36:47.847Z,2.457
2023-01-15T02:36:47.935Z,2023-01-15T02:36:50.393Z,2.458
2023-01-15T02:36:50.783Z,2023-01-15T02:36:53.256Z,2.473
2023-01-15T02:36:53.993Z,2023-01-15T02:36:56.467Z,2.474
2023-01-15T02:36:57.277Z,2023-01-15T02:36:59.725Z,2.448
2023-01-15T02:36:59.992Z,2023-01-15T02:37:02.524Z,2.532
2023-01-15T02:37:03.121Z,2023-01-15T02:37:05.586Z,2.465
2023-01-15T02:37:06.188Z,2023-01-15T02:37:08.761Z,2.573
2023-01-15T02:37:09.626Z,2023-01-15T02:37:12.064Z,2.438
2023-01-15T02:37:13.040Z,2023-01-15T02:37:15.497Z,2.457
2023-01-15T02:37:16.459Z,2023-01-15T02:37:18.929Z,2.47
2023-01-15T02:37:19.640Z,2023-01-15T02:37:22.079Z,2.439
2023-01-15T02:37:22.666Z,2023-01-15T02:37:24.998Z,2.332
2023-01-15T02:37:25.238Z,2023-01-15T02:37:27.718Z,2.48
2023-01-15T02:37:28.423Z,2023-01-15T02:37:30.760Z,2.337
2023-01-15T02:37:31.701Z,2023-01-15T02:37:34.023Z,2.322
2023-01-15T02:37:34.662Z,2023-01-15T02:37:36.989Z,2.327
2023-01-15T02:37:37.893Z,2023-01-15T02:37:40.339Z,2.446
2023-01-15T02:37:41.159Z,2023-01-15T02:37:43.628Z,2.469
2023-01-15T02:37:44.382Z,2023-01-15T02:37:46.829Z,2.447
2023-01-15T02:37:47.399Z,2023-01-15T02:37:49.880Z,2.481
2023-01-15T02:37:50.016Z,2023-01-15T02:37:52.543Z,2.527
2023-01-15T02:37:52.683Z,2023-01-15T02:37:55.131Z,2.448
2023-01-15T02:37:55.437Z,2023-01-15T02:37:57.889Z,2.452
2023-01-15T02:37:58.346Z,2023-01-15T02:38:00.728Z,2.382
2023-01-15T02:38:00.877Z,2023-01-15T02:38:03.335Z,2.458
2023-01-15T02:38:03.876Z,2023-01-15T02:38:06.189Z,2.313
2023-01-15T02:38:06.959Z,2023-01-15T02:38:09.413Z,2.454
2023-01-15T02:38:09.587Z,2023-01-15T02:38:11.949Z,2.362
2023-01-15T02:38:12.536Z,2023-01-15T02:38:14.871Z,2.335
2023-01-15T02:38:15.518Z,2023-01-15T02:38:17.855Z,2.337
2023-01-15T02:38:18.059Z,2023-01-15T02:38:20.427Z,2.368
2023-01-15T02:38:21.319Z,2023-01-15T02:38:23.628Z,2.309
2023-01-15T02:38:24.577Z,2023-01-15T02:38:26.914Z,2.337
2023-01-15T02:38:27.855Z,2023-01-15T02:38:30.170Z,2.315
2023-01-15T02:38:30.277Z,2023-01-15T02:38:32.731Z,2.454
2023-01-15T02:38:33.167Z,2023-01-15T02:38:35.634Z,2.467
2023-01-15T02:38:35.670Z,2023-01-15T02:38:38.036Z,2.366
2023-01-15T02:38:38.030Z,2023-01-15T02:38:40.375Z,2.345
2023-01-15T02:38:41.218Z,2023-01-15T02:38:43.664Z,2.446
2023-01-15T02:38:44.154Z,2023-01-15T02:38:46.630Z,2.476
2023-01-15T02:38:46.784Z,2023-01-15T02:38:49.115Z,2.331
2023-01-15T02:38:49.803Z,2023-01-15T02:38:52.170Z,2.367
2023-01-15T02:38:52.159Z,2023-01-15T02:38:55.584Z,3.425
2023-01-15T02:38:55.395Z,2023-01-15T02:38:58.374Z,2.979
2023-01-15T02:38:58.526Z,2023-01-15T02:39:01.599Z,3.073
2023-01-15T02:39:01.332Z,2023-01-15T02:39:04.057Z,2.725
2023-01-15T02:39:03.897Z,2023-01-15T02:39:06.708Z,2.811
2023-01-15T02:39:07.306Z,2023-01-15T02:39:10.040Z,2.734
2023-01-15T02:39:10.699Z,2023-01-15T02:39:13.266Z,2.567
2023-01-15T02:39:13.518Z,2023-01-15T02:39:16.342Z,2.824
2023-01-15T02:39:16.342Z,2023-01-15T02:39:18.807Z,2.465
2023-01-15T02:39:19.332Z,2023-01-15T02:39:22.428Z,3.096
2023-01-15T02:39:22.461Z,2023-01-15T02:39:24.991Z,2.53
2023-01-15T02:39:24.796Z,2023-01-15T02:39:28.016Z,3.22
2023-01-15T02:39:27.863Z,2023-01-15T02:39:30.972Z,3.109
2023-01-15T02:39:30.766Z,2023-01-15T02:39:33.310Z,2.544
2023-01-15T02:39:33.630Z,2023-01-15T02:39:36.462Z,2.832
2023-01-15T02:39:36.542Z,2023-01-15T02:39:38.977Z,2.435
2023-01-15T02:39:39.136Z,2023-01-15T02:39:42.950Z,3.814
2023-01-15T02:39:41.676Z,2023-01-15T02:39:45.501Z,3.825
2023-01-15T02:39:44.665Z,2023-01-15T02:39:48.123Z,3.458
2023-01-15T02:39:47.871Z,2023-01-15T02:39:50.828Z,2.957
2023-01-15T02:39:51.096Z,2023-01-15T02:39:54.902Z,3.806
2023-01-15T02:39:53.819Z,2023-01-15T02:39:57.608Z,3.789
2023-01-15T02:39:56.335Z,2023-01-15T02:39:58.895Z,2.56
2023-01-15T02:39:58.789Z,2023-01-15T02:40:01.375Z,2.586
2023-01-15T02:40:01.235Z,2023-01-15T02:40:04.704Z,3.469
2023-01-15T02:40:03.740Z,2023-01-15T02:40:05.892Z,2.152
2023-01-15T02:40:06.964Z,2023-01-15T02:40:09.646Z,2.682
2023-01-15T02:40:10.109Z,2023-01-15T02:40:12.568Z,2.459
2023-01-15T02:40:13.280Z,2023-01-15T02:40:16.201Z,2.921
2023-01-15T02:40:15.928Z,2023-01-15T02:40:19.375Z,3.447
2023-01-15T02:40:18.389Z,2023-01-15T02:40:21.464Z,3.075
2023-01-15T02:40:21.459Z,2023-01-15T02:40:25.724Z,4.265
2023-01-15T02:40:24.779Z,2023-01-15T02:40:28.506Z,3.727
2023-01-15T02:40:27.611Z,2023-01-15T02:40:30.786Z,3.175
2023-01-15T02:40:30.370Z,2023-01-15T02:40:33.699Z,3.329
2023-01-15T02:40:32.821Z,2023-01-15T02:40:35.768Z,2.947
2023-01-15T02:40:35.636Z,2023-01-15T02:40:38.804Z,3.168
2023-01-15T02:40:38.531Z,2023-01-15T02:40:41.225Z,2.694
2023-01-15T02:40:41.256Z,2023-01-15T02:40:43.812Z,2.556
2023-01-15T02:40:43.639Z,2023-01-15T02:40:46.385Z,2.746
2023-01-15T02:40:46.758Z,2023-01-15T02:40:49.301Z,2.543
2023-01-15T02:40:49.554Z,2023-01-15T02:40:52.732Z,3.178
2023-01-15T02:40:52.609Z,2023-01-15T02:40:55.213Z,2.604
2023-01-15T02:40:55.013Z,2023-01-15T02:40:57.302Z,2.289
2023-01-15T02:40:57.749Z,2023-01-15T02:41:00.446Z,2.697
2023-01-15T02:41:00.945Z,2023-01-15T02:41:03.402Z,2.457
2023-01-15T02:41:04.218Z,2023-01-15T02:41:06.804Z,2.586
2023-01-15T02:41:07.384Z,2023-01-15T02:41:09.749Z,2.365
2023-01-15T02:41:10.544Z,2023-01-15T02:41:12.942Z,2.398
2023-01-15T02:41:13.269Z,2023-01-15T02:41:16.335Z,3.066
2023-01-15T02:41:16.584Z,2023-01-15T02:41:18.883Z,2.299
2023-01-15T02:41:19.520Z,2023-01-15T02:41:22.091Z,2.571
2023-01-15T02:41:22.153Z,2023-01-15T02:41:25.555Z,3.402
2023-01-15T02:41:24.508Z,2023-01-15T02:41:26.665Z,2.157
2023-01-15T02:41:27.587Z,2023-01-15T02:41:29.968Z,2.381
2023-01-15T02:41:30.693Z,2023-01-15T02:41:34.925Z,4.232
2023-01-15T02:41:33.315Z,2023-01-15T02:41:35.434Z,2.119
2023-01-15T02:41:36.028Z,2023-01-15T02:41:38.595Z,2.567
2023-01-15T02:41:38.829Z,2023-01-15T02:41:41.297Z,2.468
2023-01-15T02:41:41.922Z,2023-01-15T02:41:44.415Z,2.493
2023-01-15T02:41:44.996Z,2023-01-15T02:41:47.726Z,2.73
2023-01-15T02:41:47.448Z,2023-01-15T02:41:49.870Z,2.422
2023-01-15T02:41:50.366Z,2023-01-15T02:41:53.058Z,2.692
2023-01-15T02:41:53.328Z,2023-01-15T02:41:56.127Z,2.799
2023-01-15T02:41:56.568Z,2023-01-15T02:41:58.970Z,2.402
2023-01-15T02:41:59.773Z,2023-01-15T02:42:02.340Z,2.567
2023-01-15T02:42:02.110Z,2023-01-15T02:42:04.553Z,2.443
2023-01-15T02:42:04.997Z,2023-01-15T02:42:07.435Z,2.438
2023-01-15T02:42:08.299Z,2023-01-15T02:42:10.709Z,2.41
2023-01-15T02:42:11.522Z,2023-01-15T02:42:14.340Z,2.818
2023-01-15T02:42:14.370Z,2023-01-15T02:42:16.643Z,2.273
2023-01-15T02:42:17.567Z,2023-01-15T02:42:20.832Z,3.265
2023-01-15T02:42:20.042Z,2023-01-15T02:42:22.242Z,2.2
2023-01-15T02:42:22.610Z,2023-01-15T02:42:24.658Z,2.048
2023-01-15T02:42:25.601Z,2023-01-15T02:42:28.007Z,2.406
2023-01-15T02:42:28.045Z,2023-01-15T02:42:30.446Z,2.401
2023-01-15T02:42:30.659Z,2023-01-15T02:42:33.370Z,2.711
2023-01-15T02:42:33.827Z,2023-01-15T02:42:36.863Z,3.036
2023-01-15T02:42:37.046Z,2023-01-15T02:42:39.537Z,2.491
2023-01-15T02:42:39.449Z,2023-01-15T02:42:41.799Z,2.35
2023-01-15T02:42:42.517Z,2023-01-15T02:42:44.921Z,2.404
2023-01-15T02:42:45.642Z,2023-01-15T02:42:48.001Z,2.359
2023-01-15T02:42:47.983Z,2023-01-15T02:42:50.385Z,2.402
2023-01-15T02:42:50.586Z,2023-01-15T02:42:53.197Z,2.611
2023-01-15T02:42:52.962Z,2023-01-15T02:42:55.330Z,2.368
2023-01-15T02:42:55.452Z,2023-01-15T02:42:57.837Z,2.385
2023-01-15T02:42:58.298Z,2023-01-15T02:43:00.707Z,2.409
2023-01-15T02:43:01.455Z,2023-01-15T02:43:03.812Z,2.357
2023-01-15T02:43:04.382Z,2023-01-15T02:43:06.798Z,2.416
2023-01-15T02:43:07.111Z,2023-01-15T02:43:09.500Z,2.389
2023-01-15T02:43:10.069Z,2023-01-15T02:43:12.421Z,2.352
2023-01-15T02:43:13.357Z,2023-01-15T02:43:15.714Z,2.357
2023-01-15T02:43:16.546Z,2023-01-15T02:43:18.904Z,2.358
2023-01-15T02:43:19.789Z,2023-01-15T02:43:22.187Z,2.398
2023-01-15T02:43:22.974Z,2023-01-15T02:43:25.359Z,2.385
2023-01-15T02:43:25.924Z,2023-01-15T02:43:28.380Z,2.456
2023-01-15T02:43:28.316Z,2023-01-15T02:43:30.671Z,2.355
2023-01-15T02:43:30.915Z,2023-01-15T02:43:33.314Z,2.399
2023-01-15T02:43:33.586Z,2023-01-15T02:43:35.766Z,2.18
2023-01-15T02:43:36.476Z,2023-01-15T02:43:38.836Z,2.36
2023-01-15T02:43:38.857Z,2023-01-15T02:43:41.227Z,2.37
2023-01-15T02:43:41.599Z,2023-01-15T02:43:43.947Z,2.348
2023-01-15T02:43:44.512Z,2023-01-15T02:43:46.858Z,2.346
2023-01-15T02:43:47.001Z,2023-01-15T02:43:49.297Z,2.296
2023-01-15T02:43:49.722Z,2023-01-15T02:43:52.239Z,2.517
2023-01-15T02:43:52.572Z,2023-01-15T02:43:55.086Z,2.514
2023-01-15T02:43:55.435Z,2023-01-15T02:43:57.737Z,2.302
2023-01-15T02:43:58.513Z,2023-01-15T02:44:00.815Z,2.302
2023-01-15T02:44:01.221Z,2023-01-15T02:44:03.801Z,2.58
2023-01-15T02:44:04.095Z,2023-01-15T02:44:06.442Z,2.347
2023-01-15T02:44:07.156Z,2023-01-15T02:44:09.622Z,2.466
2023-01-15T02:44:09.476Z,2023-01-15T02:44:11.826Z,2.35
2023-01-15T02:44:11.903Z,2023-01-15T02:44:14.327Z,2.424
2023-01-15T02:44:15.093Z,2023-01-15T02:44:17.469Z,2.376
2023-01-15T02:44:17.525Z,2023-01-15T02:44:20.016Z,2.491
2023-01-15T02:44:20.477Z,2023-01-15T02:44:22.858Z,2.381
2023-01-15T02:44:23.306Z,2023-01-15T02:44:25.652Z,2.346
2023-01-15T02:44:26.189Z,2023-01-15T02:44:28.515Z,2.326
2023-01-15T02:44:28.753Z,2023-01-15T02:44:31.119Z,2.366
2023-01-15T02:44:31.643Z,2023-01-15T02:44:34.030Z,2.387
2023-01-15T02:44:34.593Z,2023-01-15T02:44:37.137Z,2.544
2023-01-15T02:44:37.389Z,2023-01-15T02:44:39.824Z,2.435
2023-01-15T02:44:40.436Z,2023-01-15T02:44:42.874Z,2.438
2023-01-15T02:44:43.508Z,2023-01-15T02:44:45.881Z,2.373
2023-01-15T02:44:46.528Z,2023-01-15T02:44:49.017Z,2.489
2023-01-15T02:44:49.542Z,2023-01-15T02:44:52.334Z,2.792
2023-01-15T02:44:52.833Z,2023-01-15T02:44:55.295Z,2.462
2023-01-15T02:44:56.136Z,2023-01-15T02:44:58.477Z,2.341
2023-01-15T02:44:59.265Z,2023-01-15T02:45:01.640Z,2.375
2023-01-15T02:45:01.955Z,2023-01-15T02:45:04.318Z,2.363
2023-01-15T02:45:04.662Z,2023-01-15T02:45:07.142Z,2.48
2023-01-15T02:45:07.318Z,2023-01-15T02:45:09.715Z,2.397
2023-01-15T02:45:10.339Z,2023-01-15T02:45:12.725Z,2.386
2023-01-15T02:45:13.002Z,2023-01-15T02:45:15.355Z,2.353
2023-01-15T02:45:15.651Z,2023-01-15T02:45:18.035Z,2.384
2023-01-15T02:45:18.490Z,2023-01-15T02:45:20.817Z,2.327
2023-01-15T02:45:21.684Z,2023-01-15T02:45:24.030Z,2.346
2023-01-15T02:45:24.521Z,2023-01-15T02:45:27.017Z,2.496
2023-01-15T02:45:27.238Z,2023-01-15T02:45:29.835Z,2.597
2023-01-15T02:45:30.366Z,2023-01-15T02:45:32.702Z,2.336
2023-01-15T02:45:33.525Z,2023-01-15T02:45:36.017Z,2.492
2023-01-15T02:45:36.246Z,2023-01-15T02:45:38.580Z,2.334
2023-01-15T02:45:38.926Z,2023-01-15T02:45:41.398Z,2.472
2023-01-15T02:45:41.404Z,2023-01-15T02:45:43.756Z,2.352
2023-01-15T02:45:44.014Z,2023-01-15T02:45:46.422Z,2.408
2023-01-15T02:45:47.012Z,2023-01-15T02:45:49.321Z,2.309
2023-01-15T02:45:50.222Z,2023-01-15T02:45:52.580Z,2.358
2023-01-15T02:45:53.189Z,2023-01-15T02:45:55.539Z,2.35
2023-01-15T02:45:56.088Z,2023-01-15T02:45:58.465Z,2.377
2023-01-15T02:45:58.733Z,2023-01-15T02:46:01.351Z,2.618
2023-01-15T02:46:01.107Z,2023-01-15T02:46:03.456Z,2.349
2023-01-15T02:46:03.572Z,2023-01-15T02:46:05.923Z,2.351
2023-01-15T02:46:06.112Z,2023-01-15T02:46:08.455Z,2.343
2023-01-15T02:46:08.526Z,2023-01-15T02:46:10.839Z,2.313
2023-01-15T02:46:11.795Z,2023-01-15T02:46:14.163Z,2.368
2023-01-15T02:46:14.752Z,2023-01-15T02:46:17.226Z,2.474
2023-01-15T02:46:17.840Z,2023-01-15T02:46:20.192Z,2.352
2023-01-15T02:46:21.001Z,2023-01-15T02:46:23.363Z,2.362
2023-01-15T02:46:24.169Z,2023-01-15T02:46:26.526Z,2.357
2023-01-15T02:46:27.295Z,2023-01-15T02:46:29.708Z,2.413
2023-01-15T02:46:30.113Z,2023-01-15T02:46:32.629Z,2.516
2023-01-15T02:46:32.659Z,2023-01-15T02:46:35.034Z,2.375
2023-01-15T02:46:35.134Z,2023-01-15T02:46:37.476Z,2.342
2023-01-15T02:46:37.786Z,2023-01-15T02:46:40.165Z,2.379
2023-01-15T02:46:40.131Z,2023-01-15T02:46:42.515Z,2.384
2023-01-15T02:46:42.750Z,2023-01-15T02:46:45.158Z,2.408
2023-01-15T02:46:45.722Z,2023-01-15T02:46:48.133Z,2.411
2023-01-15T02:46:48.087Z,2023-01-15T02:46:50.464Z,2.377
2023-01-15T02:46:51.219Z,2023-01-15T02:46:53.533Z,2.314
2023-01-15T02:46:54.158Z,2023-01-15T02:46:56.497Z,2.339
2023-01-15T02:46:57.035Z,2023-01-15T02:46:59.376Z,2.341
2023-01-15T02:46:59.853Z,2023-01-15T02:47:02.192Z,2.339
2023-01-15T02:47:02.291Z,2023-01-15T02:47:04.709Z,2.418
2023-01-15T02:47:05.479Z,2023-01-15T02:47:07.907Z,2.428
2023-01-15T02:47:07.898Z,2023-01-15T02:47:10.254Z,2.356
2023-01-15T02:47:11.186Z,2023-01-15T02:47:13.546Z,2.36
2023-01-15T02:47:13.804Z,2023-01-15T02:47:16.274Z,2.47
2023-01-15T02:47:16.863Z,2023-01-15T02:47:19.213Z,2.35
2023-01-15T02:47:19.849Z,2023-01-15T02:47:22.310Z,2.461
2023-01-15T02:47:23.142Z,2023-01-15T02:47:25.507Z,2.365
2023-01-15T02:47:26.133Z,2023-01-15T02:47:28.500Z,2.367
2023-01-15T02:47:28.796Z,2023-01-15T02:47:31.129Z,2.333
2023-01-15T02:47:31.175Z,2023-01-15T02:47:33.542Z,2.367
2023-01-15T02:47:34.125Z,2023-01-15T02:47:36.463Z,2.338
2023-01-15T02:47:37.146Z,2023-01-15T02:47:39.562Z,2.416
2023-01-15T02:47:40.256Z,2023-01-15T02:47:42.594Z,2.338
2023-01-15T02:47:42.925Z,2023-01-15T02:47:45.268Z,2.343
2023-01-15T02:47:45.816Z,2023-01-15T02:47:48.115Z,2.299
2023-01-15T02:47:49.119Z,2023-01-15T02:47:51.459Z,2.34
2023-01-15T02:47:51.615Z,2023-01-15T02:47:53.977Z,2.362
2023-01-15T02:47:54.052Z,2023-01-15T02:47:56.396Z,2.344
2023-01-15T02:47:57.188Z,2023-01-15T02:47:59.532Z,2.344
2023-01-15T02:47:59.832Z,2023-01-15T02:48:02.183Z,2.351
2023-01-15T02:48:02.905Z,2023-01-15T02:48:05.260Z,2.355
2023-01-15T02:48:05.590Z,2023-01-15T02:48:08.051Z,2.461
2023-01-15T02:48:08.403Z,2023-01-15T02:48:10.732Z,2.329
2023-01-15T02:48:11.613Z,2023-01-15T02:48:14.089Z,2.476
2023-01-15T02:48:14.716Z,2023-01-15T02:48:17.074Z,2.358
2023-01-15T02:48:17.828Z,2023-01-15T02:48:20.185Z,2.357
2023-01-15T02:48:20.703Z,2023-01-15T02:48:23.044Z,2.341
2023-01-15T02:48:23.931Z,2023-01-15T02:48:26.340Z,2.409
2023-01-15T02:48:26.696Z,2023-01-15T02:48:29.025Z,2.329
2023-01-15T02:48:29.924Z,2023-01-15T02:48:32.270Z,2.346
2023-01-15T02:48:32.799Z,2023-01-15T02:48:35.127Z,2.328
2023-01-15T02:48:35.736Z,2023-01-15T02:48:38.068Z,2.332
2023-01-15T02:48:38.949Z,2023-01-15T02:48:41.345Z,2.396
2023-01-15T02:48:41.626Z,2023-01-15T02:48:43.950Z,2.324
2023-01-15T02:48:44.118Z,2023-01-15T02:48:46.514Z,2.396
2023-01-15T02:48:46.642Z,2023-01-15T02:48:48.982Z,2.34
2023-01-15T02:48:49.479Z,2023-01-15T02:48:52.172Z,2.693
2023-01-15T02:48:52.153Z,2023-01-15T02:48:54.486Z,2.333
2023-01-15T02:48:55.002Z,2023-01-15T02:48:57.371Z,2.369
2023-01-15T02:48:57.634Z,2023-01-15T02:49:00.131Z,2.497
2023-01-15T02:48:59.954Z,2023-01-15T02:49:02.287Z,2.333
2023-01-15T02:49:02.358Z,2023-01-15T02:49:04.734Z,2.376
2023-01-15T02:49:05.269Z,2023-01-15T02:49:07.699Z,2.43
2023-01-15T02:49:07.764Z,2023-01-15T02:49:10.166Z,2.402
2023-01-15T02:49:10.360Z,2023-01-15T02:49:12.707Z,2.347
2023-01-15T02:49:13.422Z,2023-01-15T02:49:15.916Z,2.494
2023-01-15T02:49:16.190Z,2023-01-15T02:49:18.663Z,2.473
2023-01-15T02:49:19.408Z,2023-01-15T02:49:21.775Z,2.367
2023-01-15T02:49:22.492Z,2023-01-15T02:49:24.828Z,2.336
2023-01-15T02:49:24.835Z,2023-01-15T02:49:27.155Z,2.32
2023-01-15T02:49:27.312Z,2023-01-15T02:49:29.697Z,2.385
2023-01-15T02:49:30.099Z,2023-01-15T02:49:32.466Z,2.367
2023-01-15T02:49:32.919Z,2023-01-15T02:49:35.269Z,2.35
2023-01-15T02:49:35.800Z,2023-01-15T02:49:38.256Z,2.456
2023-01-15T02:49:39.012Z,2023-01-15T02:49:41.339Z,2.327
2023-01-15T02:49:41.468Z,2023-01-15T02:49:43.778Z,2.31
2023-01-15T02:49:43.936Z,2023-01-15T02:49:46.280Z,2.344
2023-01-15T02:49:47.212Z,2023-01-15T02:49:49.569Z,2.357
2023-01-15T02:49:49.929Z,2023-01-15T02:49:52.311Z,2.382
2023-01-15T02:49:52.469Z,2023-01-15T02:49:54.808Z,2.339
2023-01-15T02:49:54.857Z,2023-01-15T02:49:57.182Z,2.325
2023-01-15T02:49:57.990Z,2023-01-15T02:50:00.336Z,2.346
2023-01-15T02:50:00.449Z,2023-01-15T02:50:02.879Z,2.43
2023-01-15T02:50:03.530Z,2023-01-15T02:50:05.938Z,2.408
2023-01-15T02:50:06.403Z,2023-01-15T02:50:08.802Z,2.399
2023-01-15T02:50:09.549Z,2023-01-15T02:50:11.909Z,2.36
2023-01-15T02:50:12.548Z,2023-01-15T02:50:15.052Z,2.504
2023-01-15T02:50:15.387Z,2023-01-15T02:50:17.892Z,2.505
2023-01-15T02:50:18.039Z,2023-01-15T02:50:20.414Z,2.375
2023-01-15T02:50:21.042Z,2023-01-15T02:50:23.519Z,2.477
2023-01-15T02:50:24.058Z,2023-01-15T02:50:27.515Z,3.457
2023-01-15T02:50:27.011Z,2023-01-15T02:50:29.125Z,2.114
2023-01-15T02:50:29.443Z,2023-01-15T02:50:31.632Z,2.189
2023-01-15T02:50:31.989Z,2023-01-15T02:50:34.497Z,2.508
2023-01-15T02:50:35.076Z,2023-01-15T02:50:37.430Z,2.354
2023-01-15T02:50:38.196Z,2023-01-15T02:50:40.546Z,2.35
2023-01-15T02:50:41.245Z,2023-01-15T02:50:43.724Z,2.479
2023-01-15T02:50:44.006Z,2023-01-15T02:50:46.460Z,2.454
2023-01-15T02:50:46.736Z,2023-01-15T02:50:49.121Z,2.385
2023-01-15T02:50:49.929Z,2023-01-15T02:50:52.268Z,2.339
2023-01-15T02:50:52.642Z,2023-01-15T02:50:55.223Z,2.581
2023-01-15T02:50:55.089Z,2023-01-15T02:50:57.449Z,2.36
2023-01-15T02:50:57.995Z,2023-01-15T02:51:00.475Z,2.48
2023-01-15T02:51:00.794Z,2023-01-15T02:51:03.296Z,2.502
2023-01-15T02:51:03.689Z,2023-01-15T02:51:06.230Z,2.541
2023-01-15T02:51:06.632Z,2023-01-15T02:51:09.125Z,2.493
2023-01-15T02:51:09.826Z,2023-01-15T02:51:12.489Z,2.663
2023-01-15T02:51:12.676Z,2023-01-15T02:51:15.180Z,2.504
2023-01-15T02:51:15.267Z,2023-01-15T02:51:17.595Z,2.328
2023-01-15T02:51:18.224Z,2023-01-15T02:51:20.805Z,2.581
2023-01-15T02:51:21.430Z,2023-01-15T02:51:23.933Z,2.503
2023-01-15T02:51:24.566Z,2023-01-15T02:51:26.915Z,2.349
2023-01-15T02:51:27.174Z,2023-01-15T02:51:29.850Z,2.676
2023-01-15T02:51:30.445Z,2023-01-15T02:51:32.786Z,2.341
2023-01-15T02:51:33.085Z,2023-01-15T02:51:35.577Z,2.492
2023-01-15T02:51:36.136Z,2023-01-15T02:51:38.516Z,2.38
2023-01-15T02:51:38.740Z,2023-01-15T02:51:41.306Z,2.566
2023-01-15T02:51:41.525Z,2023-01-15T02:51:43.931Z,2.406
2023-01-15T02:51:44.465Z,2023-01-15T02:51:47.034Z,2.569
2023-01-15T02:51:47.778Z,2023-01-15T02:51:50.139Z,2.361
2023-01-15T02:51:50.222Z,2023-01-15T02:51:52.575Z,2.353
2023-01-15T02:51:53.356Z,2023-01-15T02:51:55.739Z,2.383
2023-01-15T02:51:56.171Z,2023-01-15T02:51:58.548Z,2.377
2023-01-15T02:51:58.530Z,2023-01-15T02:52:00.960Z,2.43
2023-01-15T02:52:01.409Z,2023-01-15T02:52:03.740Z,2.331
2023-01-15T02:52:04.260Z,2023-01-15T02:52:06.596Z,2.336
2023-01-15T02:52:06.758Z,2023-01-15T02:52:09.277Z,2.519
2023-01-15T02:52:09.832Z,2023-01-15T02:52:12.469Z,2.637
2023-01-15T02:52:12.489Z,2023-01-15T02:52:15.028Z,2.539
2023-01-15T02:52:15.244Z,2023-01-15T02:52:17.556Z,2.312
2023-01-15T02:52:18.139Z,2023-01-15T02:52:20.612Z,2.473
2023-01-15T02:52:21.415Z,2023-01-15T02:52:23.789Z,2.374
2023-01-15T02:52:24.569Z,2023-01-15T02:52:26.903Z,2.334
2023-01-15T02:52:26.952Z,2023-01-15T02:52:29.479Z,2.527
2023-01-15T02:52:30.366Z,2023-01-15T02:52:32.760Z,2.394
2023-01-15T02:52:33.149Z,2023-01-15T02:52:35.475Z,2.326
2023-01-15T02:52:36.269Z,2023-01-15T02:52:38.582Z,2.313
2023-01-15T02:52:39.429Z,2023-01-15T02:52:41.761Z,2.332
2023-01-15T02:52:42.451Z,2023-01-15T02:52:44.757Z,2.306
2023-01-15T02:52:45.029Z,2023-01-15T02:52:47.356Z,2.327
2023-01-15T02:52:47.462Z,2023-01-15T02:52:49.801Z,2.339
2023-01-15T02:52:50.394Z,2023-01-15T02:52:52.781Z,2.387
2023-01-15T02:52:53.294Z,2023-01-15T02:52:55.709Z,2.415
2023-01-15T02:52:55.782Z,2023-01-15T02:52:58.098Z,2.316
2023-01-15T02:52:58.701Z,2023-01-15T02:53:01.031Z,2.33
2023-01-15T02:53:01.614Z,2023-01-15T02:53:03.959Z,2.345
2023-01-15T02:53:04.448Z,2023-01-15T02:53:06.755Z,2.307
2023-01-15T02:53:07.030Z,2023-01-15T02:53:09.384Z,2.354
2023-01-15T02:53:09.709Z,2023-01-15T02:53:12.070Z,2.361
2023-01-15T02:53:13.001Z,2023-01-15T02:53:15.372Z,2.371
2023-01-15T02:53:15.704Z,2023-01-15T02:53:18.047Z,2.343
2023-01-15T02:53:18.688Z,2023-01-15T02:53:21.029Z,2.341
2023-01-15T02:53:22.010Z,2023-01-15T02:53:24.356Z,2.346
2023-01-15T02:53:25.095Z,2023-01-15T02:53:27.433Z,2.338
2023-01-15T02:53:27.937Z,2023-01-15T02:53:30.267Z,2.33
2023-01-15T02:53:30.724Z,2023-01-15T02:53:33.043Z,2.319
2023-01-15T02:53:34.000Z,2023-01-15T02:53:36.373Z,2.373
2023-01-15T02:53:37.029Z,2023-01-15T02:53:39.349Z,2.32
2023-01-15T02:53:39.534Z,2023-01-15T02:53:42.080Z,2.546
2023-01-15T02:53:42.217Z,2023-01-15T02:53:44.538Z,2.321
2023-01-15T02:53:44.812Z,2023-01-15T02:53:47.160Z,2.348
2023-01-15T02:53:47.457Z,2023-01-15T02:53:49.758Z,2.301
2023-01-15T02:53:49.952Z,2023-01-15T02:53:52.312Z,2.36
2023-01-15T02:53:53.128Z,2023-01-15T02:53:55.455Z,2.327
2023-01-15T02:53:56.425Z,2023-01-15T02:53:58.754Z,2.329
2023-01-15T02:53:59.406Z,2023-01-15T02:54:01.744Z,2.338
2023-01-15T02:54:02.217Z,2023-01-15T02:54:04.698Z,2.481
2023-01-15T02:54:05.126Z,2023-01-15T02:54:07.430Z,2.304
2023-01-15T02:54:07.831Z,2023-01-15T02:54:10.167Z,2.336
2023-01-15T02:54:10.883Z,2023-01-15T02:54:13.228Z,2.345
2023-01-15T02:54:14.039Z,2023-01-15T02:54:16.356Z,2.317
2023-01-15T02:54:16.762Z,2023-01-15T02:54:19.139Z,2.377
2023-01-15T02:54:19.771Z,2023-01-15T02:54:22.113Z,2.342
2023-01-15T02:54:22.520Z,2023-01-15T02:54:24.921Z,2.401
2023-01-15T02:54:25.049Z,2023-01-15T02:54:27.397Z,2.348
2023-01-15T02:54:28.002Z,2023-01-15T02:54:30.397Z,2.395
2023-01-15T02:54:31.011Z,2023-01-15T02:54:33.443Z,2.432
2023-01-15T02:54:33.439Z,2023-01-15T02:54:35.790Z,2.351
2023-01-15T02:54:36.077Z,2023-01-15T02:54:38.398Z,2.321
2023-01-15T02:54:38.617Z,2023-01-15T02:54:40.994Z,2.377
2023-01-15T02:54:41.620Z,2023-01-15T02:54:43.962Z,2.342
2023-01-15T02:54:44.773Z,2023-01-15T02:54:47.142Z,2.369
2023-01-15T02:54:47.480Z,2023-01-15T02:54:50.051Z,2.571
2023-01-15T02:54:50.098Z,2023-01-15T02:54:52.442Z,2.344
2023-01-15T02:54:53.316Z,2023-01-15T02:54:55.648Z,2.332
2023-01-15T02:54:55.908Z,2023-01-15T02:54:58.404Z,2.496
2023-01-15T02:54:58.742Z,2023-01-15T02:55:01.065Z,2.323
2023-01-15T02:55:01.149Z,2023-01-15T02:55:03.477Z,2.328
2023-01-15T02:55:03.857Z,2023-01-15T02:55:06.305Z,2.448
2023-01-15T02:55:07.211Z,2023-01-15T02:55:09.677Z,2.466
2023-01-15T02:55:10.181Z,2023-01-15T02:55:12.659Z,2.478
2023-01-15T02:55:13.516Z,2023-01-15T02:55:16.034Z,2.518
2023-01-15T02:55:16.287Z,2023-01-15T02:55:18.634Z,2.347
2023-01-15T02:55:19.149Z,2023-01-15T02:55:21.533Z,2.384
2023-01-15T02:55:21.883Z,2023-01-15T02:55:24.198Z,2.315
2023-01-15T02:55:24.906Z,2023-01-15T02:55:27.374Z,2.468
2023-01-15T02:55:27.764Z,2023-01-15T02:55:30.322Z,2.558
2023-01-15T02:55:30.442Z,2023-01-15T02:55:32.933Z,2.491
2023-01-15T02:55:33.758Z,2023-01-15T02:55:36.089Z,2.331
2023-01-15T02:55:36.950Z,2023-01-15T02:55:39.441Z,2.491
2023-01-15T02:55:39.563Z,2023-01-15T02:55:41.899Z,2.336
2023-01-15T02:55:42.055Z,2023-01-15T02:55:44.408Z,2.353
2023-01-15T02:55:45.396Z,2023-01-15T02:55:47.745Z,2.349
2023-01-15T02:55:48.007Z,2023-01-15T02:55:50.460Z,2.453
2023-01-15T02:55:51.136Z,2023-01-15T02:55:53.603Z,2.467
2023-01-15T02:55:54.535Z,2023-01-15T02:55:57.015Z,2.48
2023-01-15T02:55:57.608Z,2023-01-15T02:55:59.947Z,2.339
2023-01-15T02:56:00.846Z,2023-01-15T02:56:03.170Z,2.324
2023-01-15T02:56:03.543Z,2023-01-15T02:56:05.846Z,2.303
2023-01-15T02:56:06.009Z,2023-01-15T02:56:08.352Z,2.343
2023-01-15T02:56:09.077Z,2023-01-15T02:56:11.562Z,2.485
2023-01-15T02:56:12.529Z,2023-01-15T02:56:14.839Z,2.31
2023-01-15T02:56:14.972Z,2023-01-15T02:56:17.312Z,2.34
2023-01-15T02:56:18.229Z,2023-01-15T02:56:20.584Z,2.355
2023-01-15T02:56:21.529Z,2023-01-15T02:56:23.924Z,2.395
2023-01-15T02:56:24.755Z,2023-01-15T02:56:27.096Z,2.341
2023-01-15T02:56:27.120Z,2023-01-15T02:56:29.484Z,2.364
2023-01-15T02:56:30.126Z,2023-01-15T02:56:32.445Z,2.319
2023-01-15T02:56:32.915Z,2023-01-15T02:56:35.263Z,2.348
2023-01-15T02:56:36.015Z,2023-01-15T02:56:38.475Z,2.46
2023-01-15T02:56:39.316Z,2023-01-15T02:56:41.648Z,2.332
2023-01-15T02:56:41.793Z,2023-01-15T02:56:44.134Z,2.341
2023-01-15T02:56:45.041Z,2023-01-15T02:56:47.380Z,2.339
2023-01-15T02:56:48.251Z,2023-01-15T02:56:50.671Z,2.42
2023-01-15T02:56:50.759Z,2023-01-15T02:56:53.111Z,2.352
2023-01-15T02:56:54.012Z,2023-01-15T02:56:56.490Z,2.478
2023-01-15T02:56:57.242Z,2023-01-15T02:56:59.590Z,2.348
2023-01-15T02:57:00.274Z,2023-01-15T02:57:02.789Z,2.515
2023-01-15T02:57:02.810Z,2023-01-15T02:57:05.285Z,2.475
2023-01-15T02:57:05.291Z,2023-01-15T02:57:07.774Z,2.483
2023-01-15T02:57:08.300Z,2023-01-15T02:57:10.802Z,2.502
2023-01-15T02:57:11.199Z,2023-01-15T02:57:13.530Z,2.331
2023-01-15T02:57:13.869Z,2023-01-15T02:57:16.229Z,2.36
2023-01-15T02:57:16.579Z,2023-01-15T02:57:18.924Z,2.345
2023-01-15T02:57:19.674Z,2023-01-15T02:57:21.994Z,2.32
2023-01-15T02:57:22.529Z,2023-01-15T02:57:24.841Z,2.312
2023-01-15T02:57:25.238Z,2023-01-15T02:57:27.575Z,2.337
2023-01-15T02:57:28.526Z,2023-01-15T02:57:30.847Z,2.321
2023-01-15T02:57:30.917Z,2023-01-15T02:57:33.263Z,2.346
2023-01-15T02:57:33.801Z,2023-01-15T02:57:36.143Z,2.342
2023-01-15T02:57:37.046Z,2023-01-15T02:57:39.409Z,2.363
2023-01-15T02:57:39.769Z,2023-01-15T02:57:42.107Z,2.338
2023-01-15T02:57:42.915Z,2023-01-15T02:57:45.251Z,2.336
2023-01-15T02:57:45.351Z,2023-01-15T02:57:47.670Z,2.319
2023-01-15T02:57:47.882Z,2023-01-15T02:57:50.223Z,2.341